{
  "project_info": {
    "project_number": "552822472975",
    "firebase_url": "https://textrecognition-1f907.firebaseio.com",
    "project_id": "textrecognition-1f907",
    "storage_bucket": "textrecognition-1f907.appspot.com"
  },
  "client": [
    {
      "client_info": {
        "mobilesdk_app_id": "1:552822472975:android:41fd34e1bc30f3eef8be7a",
        "android_client_info": {
          "package_name": "com.example.hellp_world"
        }
      },
      "oauth_client": [
        {
          "client_id": "552822472975-o8lnoup647840ngo10o6a1qbimpt1jul.apps.googleusercontent.com",
          "client_type": 3
        }
      ],
      "api_key": [
        {
          "current_key": "AIzaSyDwsUZAhxD0VrfKFRYCt-ZseLCELm_f-1E"
        }
      ],
      "services": {
        "appinvite_service": {
          "other_platform_oauth_client": [
            {
              "client_id": "552822472975-o8lnoup647840ngo10o6a1qbimpt1jul.apps.googleusercontent.com",
              "client_type": 3
            }
          ]
        }
      }
    }
  ],
  "configuration_version": "1"
}